<?xml version="1.0" encoding="UTF-8"?>
<!DOCTYPE xml>

<configuration scan="true" scanPeriod="30 seconds">

	<contextListener
		class="ch.qos.logback.classic.jul.LevelChangePropagator">
		<resetJUL>true</resetJUL>
	</contextListener>

	<appender name="console"
		class="ch.qos.logback.core.ConsoleAppender">
		<encoder>
			<pattern>%-5level %logger{0} - %msg%n</pattern>
		</encoder>
	</appender>

	
	<!-- 
	<logger name="org.hibernate" level="debug" />

	<logger name="org.hibernate.SQL" level="debug"
		additivity="false">
		<appender-ref ref="console" />
	</logger>
	<logger name="org.hibernate.type.descriptor.sql" level="trace"
		additivity="false">
		<appender-ref ref="console" />
	</logger>
	-->
	
	<logger name="org.springframework.samples.petclinic"
		level="debug" />

	<root level="info">
		<appender-ref ref="console" />
	</root>
</configuration>
